{"name":"26db8aab-aeb8-4444-b75a-934338429d2c","id":"/providers/Microsoft.Flow/flows/26db8aab-aeb8-4444-b75a-934338429d2c","type":"Microsoft.Flow/flows","properties":{"apiId":"/providers/Microsoft.PowerApps/apis/shared_logicflows","displayName":"Export to CSV","definition":{"metadata":{"workflowEntityId":null,"processAdvisorMetadata":null,"flowclientsuspensionreason":"None","flowclientsuspensiontime":null,"flowclientsuspensionreasondetails":null,"creator":{"id":"52619070-64ee-42eb-9a92-a31370fd5c2e","type":"User","tenantId":"8f098e9d-5e7d-4587-8e92-c0e23e8c5618"},"provisioningMethod":"FromDefinition","failureAlertSubscription":true,"clientLastModifiedTime":"2023-02-18T21:09:15.488481Z"},"$schema":"https://schema.management.azure.com/providers/Microsoft.Logic/schemas/2016-06-01/workflowdefinition.json#","contentVersion":"1.0.0.0","parameters":{"$connections":{"defaultValue":{},"type":"Object"},"$authentication":{"defaultValue":{},"type":"SecureObject"}},"triggers":{"manual":{"metadata":{"operationMetadataId":"f42f9368-ee2b-4ea1-be6e-dfd26302710b"},"type":"Request","kind":"PowerApp","inputs":{"schema":{"type":"object","properties":{"Content_Inputs":{"type":"any","description":"Inputs","x-ms-powerflows-param-ispartial":false}},"required":["Content_Inputs"]}}}},"actions":{"Content":{"runAfter":{},"metadata":{"operationMetadataId":"e2dc8e67-8aac-4a4d-9844-4390e9c83e76"},"type":"Compose","inputs":"@triggerBody()['Content_Inputs']"},"Create_CSV_table":{"runAfter":{"Content":["Succeeded"]},"metadata":{"operationMetadataId":"3e8fccf2-c465-4b48-81d9-786dda3efa50"},"type":"Table","inputs":{"from":"@json(outputs('Content'))","format":"CSV"}},"Create_file":{"runAfter":{"Create_CSV_table":["Succeeded"]},"metadata":{"operationMetadataId":"eba5da76-471e-4a62-8231-8958f037b00f"},"type":"OpenApiConnection","inputs":{"host":{"apiId":"/providers/Microsoft.PowerApps/apis/shared_onedriveforbusiness","connectionName":"shared_onedriveforbusiness","operationId":"CreateFile"},"parameters":{"folderPath":"/demoExport","name":"MyFile.csv","body":"@body('Create_CSV_table')"},"authentication":{"value":"@json(decodeBase64(triggerOutputs().headers['X-MS-APIM-Tokens']))['$ConnectionKey']","type":"Raw"}},"runtimeConfiguration":{"contentTransfer":{"transferMode":"Chunked"}}},"Create_share_link":{"runAfter":{"Create_file":["Succeeded"]},"metadata":{"operationMetadataId":"22088d02-4853-4a1e-9f3f-806b97026641"},"type":"OpenApiConnection","inputs":{"host":{"apiId":"/providers/Microsoft.PowerApps/apis/shared_onedriveforbusiness","connectionName":"shared_onedriveforbusiness","operationId":"CreateShareLinkV2"},"parameters":{"id":"@outputs('Create_file')?['body/Id']","type":"Edit","scope":"Organization"},"authentication":{"value":"@json(decodeBase64(triggerOutputs().headers['X-MS-APIM-Tokens']))['$ConnectionKey']","type":"Raw"}}},"Respond_to_a_PowerApp_or_flow":{"runAfter":{"Create_share_link":["Succeeded"]},"metadata":{"operationMetadataId":"db8b40cb-f81d-4e41-8318-a9612543235a"},"type":"Response","kind":"PowerApp","inputs":{"statusCode":200,"body":{"filelink":"@outputs('Create_share_link')?['body/WebUrl']"},"schema":{"type":"object","properties":{"filelink":{"title":"FileLink","x-ms-dynamically-added":true,"type":"string"}}}}}}},"connectionReferences":{"shared_onedriveforbusiness":{"connectionName":"shared-onedriveforbu-c4200455-c807-462c-a313-dac7747ee483","source":"Invoker","id":"/providers/Microsoft.PowerApps/apis/shared_onedriveforbusiness","tier":"NotSpecified"}},"flowFailureAlertSubscribed":false,"isManaged":false}}