{"schemaVersion":"1.0","appDefinitionTemplate":{"id":"/providers/Microsoft.PowerApps/apps/","type":"Microsoft.PowerApps/apps","tags":{"primaryDeviceWidth":"1366","primaryDeviceHeight":"768","supportsPortrait":"true","supportsLandscape":"true","primaryFormFactor":"Tablet","publisherVersion":"3.23021.21","minimumRequiredApiVersion":"2.2.0","hasComponent":"false","hasUnlockedComponent":"false","isUnifiedRootApp":"false","sienaVersion":"20230218T212903Z-3.23021.21.0"},"properties":{"appVersion":"2023-02-18T21:29:03Z","lifeCycleId":"Published","createdByClientVersion":{"major":3,"minor":23021,"build":21,"revision":0,"majorRevision":0,"minorRevision":0},"minClientVersion":{"major":3,"minor":23021,"build":21,"revision":0,"majorRevision":0,"minorRevision":0},"backgroundColor":"RGBA(0,176,240,1)","backgroundImageUri":"/2924200535110247344/N197afbee-aee4-4a3b-b417-ed4aa94219f0-logoSmallFile","displayName":"PAPPS Export to Excel","description":"","commitMessage":"","appUris":{"documentUri":{"value":"/2924200535110247344/N081e99bc-70a5-42c3-9dcd-4ceb0c1c0657-document.msapp"},"imageUris":[],"additionalUris":[]},"createdTime":"0001-01-01T00:00:00Z","lastModifiedTime":"0001-01-01T00:00:00Z","sharedGroupsCount":0,"sharedUsersCount":0,"connectionReferences":{"bb155bab-f138-4320-b784-fd951fe757f8":{"id":"12a5d137-195f-4065-ba36-8f7f2d196918","displayName":"Logic flows","iconUri":"https://connectoricons-prod.azureedge.net/releases/v1.0.1615/1.0.1615.3163/logicflows/icon.png","dataSources":["ExporttoCSV"],"dependencies":["2baa5a17-33a3-4dcb-b461-55e5c765badd"],"dependents":[],"parameterHints":{"workflowName":{"value":"43c7d44f-8db7-473f-816d-10a1f60f3aee"},"workflowEntityId":{},"2baa5a17-33a3-4dcb-b461-55e5c765badd":{"value":"shared_onedriveforbusiness"}},"parameterHintsV2":{"workflowName":{"value":"43c7d44f-8db7-473f-816d-10a1f60f3aee"},"workflowEntityId":{},"shared_onedriveforbusiness":{"value":"2baa5a17-33a3-4dcb-b461-55e5c765badd"}},"isOnPremiseConnection":false,"bypassConsent":false,"dataSets":{},"apiTier":"Standard","isCustomApiConnection":false,"actions":["Run"],"nestedActions":[{"id":"/providers/Microsoft.PowerApps/apis/shared_onedriveforbusiness/apiOperations/CreateFile","apiName":"OneDrive for Business","actionName":"CreateFile","referencedResources":[]},{"id":"/providers/Microsoft.PowerApps/apis/shared_onedriveforbusiness/apiOperations/CreateShareLinkV2","apiName":"OneDrive for Business","actionName":"CreateShareLinkV2","referencedResources":[]}]},"2baa5a17-33a3-4dcb-b461-55e5c765badd":{"id":"ff1a0179-6a56-462d-8d97-921da97620d3","displayName":"OneDrive for Business","iconUri":"https://connectoricons-prod.azureedge.net/releases/v1.0.1546/1.0.1546.2665/onedriveforbusiness/icon.png","dataSources":[],"dependencies":[],"dependents":["bb155bab-f138-4320-b784-fd951fe757f8"],"parameterHints":{},"parameterHintsV2":{},"isOnPremiseConnection":false,"bypassConsent":false,"dataSets":{},"apiTier":"Standard","isCustomApiConnection":false}},"databaseReferences":{},"almMode":"Environment","performanceOptimizationEnabled":true,"canConsumeAppPass":true,"enableModernRuntimeMode":false,"executionRestrictions":{"isTeamsOnly":false,"dataLossPreventionEvaluationResult":{"status":"Compliant","lastEvaluationDate":"2023-02-18T21:29:36.625301Z","violations":[],"violationsByPolicy":[],"violationErrorMessage":"The app uses the following connectors: shared_logicflows, shared_onedriveforbusiness."},"httpActionRestriction":{"appUsesSharepointHttpAction":false,"enforcementStrategy":"Legacy","evaluationTime":"2023-02-18T21:29:36.625248Z"}}},"appType":"ClassicCanvasApp","appComponents":[]}}